nro,codigo,codigo_interno,nombre,mercado,tipo_cliente,latitud,longitud,supervisor,reponedor_asignado,tiempo_visita_estimado_min,lunes,martes,miercoles,jueves,viernes,sabado,frecuencia_semanal,frecuencia_mensual
1,GV001,111886,GV001,CHASQUIPAMPA,MINORISTA,-16.53678674,-68.04696858,SUPERVISOR 1,REPONEDOR 1,40,1,0,0,1,0,0,2,8
2,GV002,29849,GV002,CHASQUIPAMPA,MINORISTA,-16.5360361,-68.0458746,SUPERVISOR 1,REPONEDOR 1,30,1,0,0,0,0,0,1,4
3,GV003,121652,GV003,CHASQUIPAMPA,MINORISTA,-16.5372816,-68.0481013,SUPERVISOR 1,REPONEDOR 1,20,1,0,0,0,0,0,1,4
5,GV004,121652,GV004,CHASQUIPAMPA,MINORISTA,-16.5374663,-68.0485621,SUPERVISOR 1,REPONEDOR 1,20,1,0,0,0,0,0,1,4
6,GV005,39702,GV005,CHASQUIPAMPA,MINORISTA,-16.5371804,-68.0481663,SUPERVISOR 1,REPONEDOR 1,40,1,0,0,0,0,0,1,4
7,GV006,75182,GV006,CHASQUIPAMPA,MINORISTA,-16.537521,-68.0482,SUPERVISOR 1,REPONEDOR 1,15,1,0,0,0,0,0,1,4
8,GV007,82768,GV007,CHASQUIPAMPA,MINORISTA,-16.5374514,-68.0484989,SUPERVISOR 1,REPONEDOR 1,20,1,0,0,0,0,0,1,4
9,GV008,130051,GV008,CHASQUIPAMPA,MINORISTA,-16.5377087,-68.0500336,SUPERVISOR 1,REPONEDOR 1,10,1,0,0,0,0,0,1,4
10,GV009,109861,GV009,ALTO PAMPAHASI,MINORISTA,-16.49544574,-68.1034628,SUPERVISOR 1,REPONEDOR 1,20,0,1,0,0,0,0,1,4
11,GV010,38180,GV010,ALTO PAMPAHASI,MINORISTA,-16.4954428,-68.1020593,SUPERVISOR 1,REPONEDOR 1,25,0,1,0,0,0,0,1,4
12,GV011,82728,GV011,10 DE ENERO,MINORISTA,-16.5019009,-68.1046631,SUPERVISOR 1,REPONEDOR 1,25,0,1,0,0,0,0,1,4
13,GV012,99137,GV012,10 DE ENERO,MINORISTA,-16.5017024,-68.1042295,SUPERVISOR 1,REPONEDOR 1,25,0,1,0,0,0,0,1,4
14,GV013,111538,GV013,10 DE ENERO,MINORISTA,-16.50172437,-68.10421574,SUPERVISOR 1,REPONEDOR 1,20,0,1,0,0,0,0,1,4
15,GV014,101854,GV014,10 DE ENERO,MINORISTA,-16.5019859,-68.1037724,SUPERVISOR 1,REPONEDOR 1,70,0,1,0,0,0,0,1,4
16,GV015,74076,GV015,10 DE ENERO,MINORISTA,-16.5008563,-68.1053203,SUPERVISOR 1,REPONEDOR 1,30,0,1,0,0,0,0,1,4
17,GV016,35915,GV016,SAN ANTONIO,MINORISTA,-16.4979223,-68.1085645,SUPERVISOR 1,REPONEDOR 1,25,0,1,0,0,0,0,1,4
18,GV017,66479,GV017,SAN ANTONIO,MINORISTA,-16.4980489,-68.1085043,SUPERVISOR 1,REPONEDOR 1,30,0,1,0,0,0,0,1,4
19,GV018,92826,GV018,SAN ANTONIO,MINORISTA,-16.49849299,-68.10847317,SUPERVISOR 1,REPONEDOR 1,60,0,1,0,0,0,0,1,4
20,GV019,38275,GV019,SAN ANTONIO,MINORISTA,-16.497745,-68.1086738,SUPERVISOR 1,REPONEDOR 1,35,0,1,0,0,0,0,1,4
21,GV020,75088,GV020,KOLLASUYO,MINORISTA,-16.4952836,-68.116675,SUPERVISOR 1,REPONEDOR 1,30,0,0,1,0,0,0,1,2
22,GV021,55137,GV021,KOLLASUYO,MINORISTA,-16.4952047,-68.1166545,SUPERVISOR 1,REPONEDOR 1,15,0,0,1,0,0,0,1,2
23,GV022,51600,GV022,KOLLASUYO,MINORISTA,-16.4952851,-68.1166793,SUPERVISOR 1,REPONEDOR 1,38,0,0,1,0,0,0,1,2
24,GV023,13131,GV023,KOLLASUYO,MINORISTA,-16.4955112,-68.1168715,SUPERVISOR 1,REPONEDOR 1,25,0,0,1,0,0,0,1,2
25,GV024,47867,GV024,CRUCE DE VILLAS,MINORISTA,-16.4957719,-68.1168489,SUPERVISOR 1,REPONEDOR 1,45,0,0,1,0,0,0,1,4
26,GV025,40003,GV025,CRUCE DE VILLAS,MINORISTA,-16.4957548,-68.1164863,SUPERVISOR 1,REPONEDOR 1,32,0,0,1,0,0,1,2,8
27,GV026,55216,GV026,CRUCE DE VILLAS,MINORISTA,-16.4957682,-68.1165098,SUPERVISOR 1,REPONEDOR 1,15,0,0,1,0,0,1,2,8
28,GV027,90371,GV027,CRUCE DE VILLAS,MINORISTA,-16.4974877,-68.1157838,SUPERVISOR 1,REPONEDOR 1,25,0,0,1,0,0,0,1,4
29,GV028,55406,GV028,CRUCE DE VILLAS,MINORISTA,-16.4958003,-68.1168928,SUPERVISOR 1,REPONEDOR 1,25,0,0,1,0,0,0,1,4
30,GV029,29914,GV029,CRUCE DE VILLAS,MINORISTA,-16.49673963,-68.11641909,SUPERVISOR 1,REPONEDOR 1,55,0,0,1,0,0,0,1,4
31,GV030,81724,GV030,CRUCE DE VILLAS,MINORISTA,-16.4975521,-68.1157321,SUPERVISOR 1,REPONEDOR 1,50,0,0,1,0,0,0,1,4
32,GV031,107056,GV031,CRUCE DE VILLAS,MINORISTA,-16.49630889,-68.11649366,SUPERVISOR 1,REPONEDOR 1,20,0,0,1,0,0,0,1,4
33,GV032,71590,GV032,CRUCE DE VILLAS,MINORISTA,-16.4957782,-68.1165822,SUPERVISOR 1,REPONEDOR 1,25,0,0,1,0,0,0,1,4
34,GV033,104984,GV033,CRUCE DE VILLAS,MINORISTA,-16.4975814,-68.1158626,SUPERVISOR 1,REPONEDOR 1,25,0,0,1,0,0,0,1,4
35,GV034,29896,GV034,CRUCE DE VILLAS,MINORISTA,-16.4963966,-68.1163715,SUPERVISOR 1,REPONEDOR 1,50,0,0,1,0,0,0,1,4
36,GV035,80967,GV035,VILLA ARMONIA,MINORISTA,-16.5091174,-68.1096591,SUPERVISOR 1,REPONEDOR 1,10,0,0,1,0,0,0,1,2
37,GV036,14714,GV036,VILLA ARMONIA,MINORISTA,-16.5088472,-68.1104503,SUPERVISOR 1,REPONEDOR 1,10,0,0,1,0,0,0,1,2
38,GV037,84545,GV037,VILLA ARMONIA,MINORISTA,-16.508287,-68.111526,SUPERVISOR 1,REPONEDOR 1,30,0,0,1,0,0,0,1,2
39,GV038,106437,GV038,VILLA ARMONIA,MINORISTA,-16.5092949,-68.1092507,SUPERVISOR 1,REPONEDOR 1,10,0,0,1,0,0,0,1,2
40,GV039,84967,GV039,VILLA ARMONIA,MINORISTA,-16.5087846,-68.1101773,SUPERVISOR 1,REPONEDOR 1,20,0,0,1,0,0,0,1,2
41,GV040,10315,GV040,VILLA ARMONIA,MINORISTA,-16.5087989,-68.1101732,SUPERVISOR 1,REPONEDOR 1,15,0,0,1,0,0,0,1,2
42,GV041,14923,GV041,VILLA ARMONIA,MINORISTA,-16.5087327,-68.1102001,SUPERVISOR 1,REPONEDOR 1,30,0,0,1,0,0,0,1,2
43,GV042,76807,GV042,ACHUMANI,MINORISTA,-16.530631,-68.0735448,SUPERVISOR 1,REPONEDOR 1,25,0,0,0,1,0,0,1,1
44,GV043,103162,GV043,ACHUMANI,MINORISTA,-16.53065559,-68.07345073,SUPERVISOR 1,REPONEDOR 1,35,0,0,0,1,0,0,1,1
45,GV044,65324,GV044,ACHUMANI,MINORISTA,-16.5305981,-68.0731682,SUPERVISOR 1,REPONEDOR 1,33,0,0,0,1,0,0,1,1
46,GV045,89814,GV045,ACHUMANI,MINORISTA,-16.53143,-68.073275,SUPERVISOR 1,REPONEDOR 1,34,0,0,0,1,0,0,1,1
47,GV046,91802,GV046,ACHUMANI,MINORISTA,-16.53107353,-68.07253814,SUPERVISOR 1,REPONEDOR 1,30,0,0,0,1,0,0,1,1
48,GV047,92130,GV047,ACHUMANI,MINORISTA,-16.530815,-68.0736671,SUPERVISOR 1,REPONEDOR 1,20,0,0,0,1,0,0,1,1
49,GV048,10153,GV048,ACHUMANI,MINORISTA,-16.53081059,-68.07353309,SUPERVISOR 1,REPONEDOR 1,20,0,0,0,1,0,0,1,1
50,GV049,107855,GV049,ACHUMANI,MAYORISTA,-16.5313167,-68.07484436,SUPERVISOR 1,REPONEDOR 1,50,0,0,0,1,0,0,1,1
51,GV050,73219,GV050,ACHUMANI,MINORISTA,-16.5307233,-68.0736,SUPERVISOR 1,REPONEDOR 1,20,0,0,0,1,0,0,1,1
52,GV051,97829,GV051,LOS PINOS,MINORISTA,-16.5412566,-68.0725799,SUPERVISOR 1,REPONEDOR 1,20,0,0,0,1,0,0,1,1
53,GV052,75924,GV052,LOS PINOS,MINORISTA,-16.5431335,-68.0721572,SUPERVISOR 1,REPONEDOR 1,25,0,0,0,1,0,0,1,1
54,GV053,114556,GV053,LOS PINOS,MINORISTA,-16.5413233,-68.0724994,SUPERVISOR 1,REPONEDOR 1,20,0,0,0,1,0,0,1,1
55,GV054,53570,GV054,LOS PINOS,MINORISTA,-16.5414397,-68.0727913,SUPERVISOR 1,REPONEDOR 1,18,0,0,0,1,0,0,1,1
56,GV055,90555,GV055,LOS PINOS,MINORISTA,-16.53726559,-68.04822706,SUPERVISOR 1,REPONEDOR 1,30,0,0,0,1,0,0,1,1
57,GV056,107289,GV056,LOS PINOS,MINORISTA,-16.54043194,-68.07276855,SUPERVISOR 1,REPONEDOR 1,30,0,0,0,1,0,0,1,1
58,GV057,74119,GV057,LOS PINOS,MINORISTA,-16.5407679,-68.0723949,SUPERVISOR 1,REPONEDOR 1,26,0,0,0,1,0,0,1,1
59,GV058,73125,GV058,IRPAVI,MINORISTA,-16.5246436,-68.08708,SUPERVISOR 1,REPONEDOR 1,15,0,0,0,1,0,0,1,1
60,GV059,12754,GV059,IRPAVI,MINORISTA,-16.5237514,-68.0874853,SUPERVISOR 1,REPONEDOR 1,20,0,0,0,1,0,0,1,1
61,GV060,98041,GV060,IRPAVI,MINORISTA,-16.5246889,-68.0872201,SUPERVISOR 1,REPONEDOR 1,26,0,0,0,1,0,0,1,1
62,GV061,97430,GV061,IRPAVI,MINORISTA,-16.5246949,-68.0872469,SUPERVISOR 1,REPONEDOR 1,18,0,0,0,1,0,0,1,1
63,GV062,55911,GV062,IRPAVI,MINORISTA,-16.5246727,-68.0871684,SUPERVISOR 1,REPONEDOR 1,15,0,0,0,1,0,0,1,1
64,GV063,68070,GV063,IRPAVI,MINORISTA,-16.5246293,-68.0869875,SUPERVISOR 1,REPONEDOR 1,20,0,0,0,1,0,0,1,1
65,GV064,12926,GV064,IRPAVI,MINORISTA,-16.5247495,-68.0874313,SUPERVISOR 1,REPONEDOR 1,20,0,0,0,1,0,0,1,1
66,GV065,19297,GV065,IRPAVI,MINORISTA,-16.5246787,-68.0872469,SUPERVISOR 1,REPONEDOR 1,15,0,0,0,1,0,0,1,1
67,GV066,47463,GV066,IRPAVI,MINORISTA,-16.5271527,-68.0881798,SUPERVISOR 1,REPONEDOR 1,20,0,0,0,1,0,0,1,1
68,GV067,97317,GV067,IRPAVI,MINORISTA,-16.52468,-68.0871791,SUPERVISOR 1,REPONEDOR 1,15,0,0,0,1,0,0,1,1
69,GV068,89034,GV068,OVEJUYO,MINORISTA,-16.5346691,-68.0416422,SUPERVISOR 1,REPONEDOR 1,40,0,0,0,1,0,0,1,1
70,GV069,82768,GV069,OVEJUYO,MINORISTA,-16.5366758,-68.0386413,SUPERVISOR 1,REPONEDOR 1,30,0,0,0,1,0,0,1,1
71,GV070,118989,GV070,OVEJUYO,MINORISTA,-16.53405483,-68.03837218,SUPERVISOR 1,REPONEDOR 1,15,0,0,0,1,0,0,1,1
72,GV071,81235,GV071,OVEJUYO,MINORISTA,-16.53399012,-68.03797763,SUPERVISOR 1,REPONEDOR 1,15,0,0,0,1,0,0,1,1
73,GV072,46845,GV072,YUNGAS,MINORISTA,-16.49724532,-68.12956581,SUPERVISOR 1,REPONEDOR 1,16,0,0,0,0,1,0,1,3
74,GV073,103592,GV073,YUNGAS,MINORISTA,-16.49724532,-68.12956581,SUPERVISOR 1,REPONEDOR 1,40,0,0,0,0,1,0,1,3
75,GV074,35413,GV074,YUNGAS,MINORISTA,-16.497275,-68.129184,SUPERVISOR 1,REPONEDOR 1,15,0,0,0,0,1,0,1,3
76,GV075,57912,GV075,YUNGAS,MINORISTA,-16.4973497,-68.1299397,SUPERVISOR 1,REPONEDOR 1,20,0,0,0,0,1,0,1,3
77,GV076,55289,GV076,YUNGAS,MINORISTA,-16.4969478,-68.1297909,SUPERVISOR 1,REPONEDOR 1,30,0,0,0,0,1,0,1,3
78,GV077,43766,GV077,YUNGAS,MINORISTA,-16.4971828,-68.1295835,SUPERVISOR 1,REPONEDOR 1,15,0,0,0,0,1,0,1,3
79,GV078,59166,GV078,YUNGAS,MINORISTA,-16.4971241,-68.1296153,SUPERVISOR 1,REPONEDOR 1,20,0,0,0,0,1,0,1,3
80,GV079,55201,GV079,YUNGAS,MINORISTA,-16.4970908,-68.1292564,SUPERVISOR 1,REPONEDOR 1,15,0,0,0,0,1,0,1,3
81,GV080,93717,GV080,YUNGAS,MINORISTA,-16.4973801,-68.1285694,SUPERVISOR 1,REPONEDOR 1,45,0,0,0,0,1,0,1,3
82,GV081,45884,GV081,MIRAFLORES,MINORISTA,-16.501686,-68.1218423,SUPERVISOR 1,REPONEDOR 1,20,0,0,0,0,1,0,1,3
83,GV082,12677,GV082,MIRAFLORES,MINORISTA,-16.5017427,-68.1216571,SUPERVISOR 1,REPONEDOR 1,12,0,0,0,0,1,0,1,3
84,GV083,12111,GV083,MIRAFLORES,MINORISTA,-16.5013852,-68.1216378,SUPERVISOR 1,REPONEDOR 1,25,0,0,0,0,1,0,1,3
85,GV084,14431,GV084,MIRAFLORES,MINORISTA,-16.50158,-68.1218202,SUPERVISOR 1,REPONEDOR 1,15,0,0,0,0,1,0,1,3
86,GV085,18794,GV085,MIRAFLORES,MINORISTA,-16.5013106,-68.1216273,SUPERVISOR 1,REPONEDOR 1,12,0,0,0,0,1,0,1,3
87,GV086,83246,GV086,MIRAFLORES,MINORISTA,-16.501686,-68.1218423,SUPERVISOR 1,REPONEDOR 1,15,0,0,0,0,1,0,1,3
88,GV087,54760,GV087,MIRAFLORES,MINORISTA,-16.5013958,-68.1216305,SUPERVISOR 1,REPONEDOR 1,20,0,0,0,0,1,0,1,3
89,GV088,84425,GV088,MIRAFLORES,MINORISTA,-16.501686,-68.1218423,SUPERVISOR 1,REPONEDOR 1,15,0,0,0,0,1,0,1,3
90,GV089,74813,GV089,MIRAFLORES,MINORISTA,-16.5013751,-68.1225326,SUPERVISOR 1,REPONEDOR 1,40,0,0,0,0,1,0,1,3
91,GV090,108290,GV090,VILLA EL CARMEN,MINORISTA,-16.46894324,-68.11533838,SUPERVISOR 1,REPONEDOR 1,34,0,0,0,0,1,0,1,3
92,GV091,30146,GV091,VILLA EL CARMEN,MINORISTA,-16.4688077,-68.1149154,SUPERVISOR 1,REPONEDOR 1,25,0,0,0,0,1,0,1,3
93,GV092,39703,GV092,VILLA EL CARMEN,MINORISTA,-16.4689339,-68.1151258,SUPERVISOR 1,REPONEDOR 1,20,0,0,0,0,1,0,1,3
94,GV093,73119,GV093,OBRAJES,MINORISTA,-16.5292189,-68.1025725,SUPERVISOR 1,REPONEDOR 1,37,0,0,0,0,1,0,1,1
95,GV094,14048,GV094,OBRAJES,MINORISTA,-16.5293351,-68.1022178,SUPERVISOR 1,REPONEDOR 1,30,0,0,0,0,1,0,1,1
96,GV095,13462,GV095,OBRAJES,MINORISTA,-16.5298842,-68.1024954,SUPERVISOR 1,REPONEDOR 1,30,0,0,0,0,1,0,1,1
97,GV096,10614,GV096,ALTO OBRAJES,MINORISTA,-16.5237566,-68.103884,SUPERVISOR 1,REPONEDOR 1,30,0,0,0,0,1,0,1,1
98,GV097,35439,GV097,ALTO OBRAJES,MINORISTA,-16.5239438,-68.103857,SUPERVISOR 1,REPONEDOR 1,25,0,0,0,0,1,0,1,1
99,GV098,122119,GV098,ALTO OBRAJES,MINORISTA,-16.52380138,-68.10413271,SUPERVISOR 1,REPONEDOR 1,25,0,0,0,0,1,0,1,1
100,GV099,55053,GV099,ALTO OBRAJES,MINORISTA,-16.5240052,-68.1037688,SUPERVISOR 1,REPONEDOR 1,20,0,0,0,0,1,0,1,1
101,GV100,74503,GV100,ALTO OBRAJES,MINORISTA,-16.5237854,-68.1038688,SUPERVISOR 1,REPONEDOR 1,25,0,0,0,0,1,0,1,1
102,GV101,106248,GV101,STRONGEST,MINORISTA,-16.5151922,-68.1395053,SUPERVISOR 1,REPONEDOR 2,90,0,1,0,0,0,1,2,4
103,GV102,82239,GV102,STRONGEST,MINORISTA,-16.5153905,-68.1396015,SUPERVISOR 1,REPONEDOR 2,40,0,1,0,0,0,1,2,4
104,GV103,113720,GV103,STRONGEST,MINORISTA,-16.51582404,-68.13981662,SUPERVISOR 1,REPONEDOR 2,20,0,1,0,0,0,0,1,2
105,GV104,75631,GV104,STRONGEST,MINORISTA,-16.51582404,-68.13981662,SUPERVISOR 1,REPONEDOR 2,20,0,1,0,0,0,0,1,2
106,GV105,53510,GV105,STRONGEST,MINORISTA,-16.515824,-68.1400135,SUPERVISOR 1,REPONEDOR 2,20,0,1,0,0,0,0,1,2
107,GV106,111004,GV106,STRONGEST,MINORISTA,-16.515824,-68.1400135,SUPERVISOR 1,REPONEDOR 2,20,0,1,0,0,0,0,1,2
108,GV107,110909,GV107,BOLIVAR,MINORISTA,-16.514484,-68.1405951,SUPERVISOR 1,REPONEDOR 2,50,0,1,0,0,0,1,2,4
109,GV108,75720,GV108,BOLIVAR,MINORISTA,-16.5137904,-68.1407458,SUPERVISOR 1,REPONEDOR 2,50,0,1,0,0,0,1,2,4
110,GV109,108276,GV109,BOLIVAR,MINORISTA,-16.51382026,-68.1408532,SUPERVISOR 1,REPONEDOR 2,30,0,1,0,0,0,1,2,4
111,GV110,105098,GV110,BOLIVAR,MINORISTA,-16.51380633,-68.14139874,SUPERVISOR 1,REPONEDOR 2,25,0,1,0,0,0,1,2,4
112,GV111,75720,GV111,BOLIVAR,MINORISTA,-16.5137904,-68.1407458,SUPERVISOR 1,REPONEDOR 2,25,0,1,0,0,0,1,2,4
113,GV112,107855,GV112,VITA,MAYORISTA,-16.4932266,-68.14419,SUPERVISOR 1,REPONEDOR 2,120,1,0,0,1,0,0,2,4
114,GV113,107855,GV113,OBELISCO,MAYORISTA,-16.4999613,-68.1348082,SUPERVISOR 1,REPONEDOR 2,120,1,0,0,1,0,0,2,4
115,GV114,120906,GV114,ARCE,MAYORISTA,-16.5113081,-68.1238442,SUPERVISOR 1,REPONEDOR 2,120,1,0,0,1,0,0,2,4
116,GV115,81136,GV115,SOPOCACHI,MINORISTA,-16.5096335,-68.1294083,SUPERVISOR 2,REPONEDOR 8 APOYO,20,0,0,0,1,0,0,1,2
117,GV116,17822,GV116,SOPOCACHI,MINORISTA,-16.5096335,-68.1294083,SUPERVISOR 2,REPONEDOR 8 APOYO,25,0,0,0,1,0,0,1,2
118,GV117,69783,GV117,SOPOCACHI,MINORISTA,-16.5096335,-68.1294083,SUPERVISOR 2,REPONEDOR 8 APOYO,30,0,0,0,1,0,0,1,2
119,GV118,56630,GV118,SOPOCACHI,MINORISTA,-16.5096335,-68.1294083,SUPERVISOR 2,REPONEDOR 8 APOYO,20,0,0,0,1,0,0,1,2
120,GV119,59015,GV119,HINOJOSA,MINORISTA,-16.5026994,-68.1444456,SUPERVISOR 2,REPONEDOR 8 APOYO,20,0,0,0,1,0,0,1,2
121,GV120,74121,GV120,HINOJOSA,MINORISTA,-16.5046192,-68.1438674,SUPERVISOR 2,REPONEDOR 8 APOYO,25,0,0,0,1,0,0,1,2
122,GV121,45053,GV121,HINOJOSA,MINORISTA,-16.5034453,-68.144523,SUPERVISOR 2,REPONEDOR 8 APOYO,30,0,0,0,1,0,0,1,2
123,GV122,58577,GV122,CAMACHO,MINORISTA,-16.5003291,-68.1315431,SUPERVISOR 2,REPONEDOR 8 APOYO,30,0,0,0,1,0,0,1,2
124,GV123,51827,GV123,CAMACHO,MINORISTA,-16.5003291,-68.1315431,SUPERVISOR 2,REPONEDOR 8 APOYO,30,0,0,0,1,0,0,1,2
125,GV124,55380,GV124,CAMACHO,MINORISTA,-16.5003291,-68.1315431,SUPERVISOR 2,REPONEDOR 8 APOYO,30,0,0,0,1,0,0,1,2
126,GV125,16111,GV125,CAMACHO,MINORISTA,-16.5003291,-68.1315431,SUPERVISOR 2,REPONEDOR 8 APOYO,30,0,0,0,1,0,0,1,2
127,GV126,13807,GV126,CAMACHO,MINORISTA,-16.5003291,-68.1315431,SUPERVISOR 2,REPONEDOR 8 APOYO,45,0,0,0,1,0,0,1,2
128,GV127,114196,GV127,ACHACHICALA,MINORISTA,-16.4756579,-68.1497055,SUPERVISOR 2,REPONEDOR 7,50,0,0,0,1,0,0,1,2
129,GV128,24488,GV128,ACHACHICALA,MINORISTA,-16.4755226,-68.1497417,SUPERVISOR 2,REPONEDOR 7,60,0,0,0,1,0,0,1,2
130,GV129,53224,GV129,ACHACHICALA,MINORISTA,-16.4756009,-68.1496405,SUPERVISOR 2,REPONEDOR 7,30,0,0,0,1,0,0,1,2
131,GV130,107024,GV130,LANZA,MINORISTA,-16.4943216,-68.1374362,SUPERVISOR 2,REPONEDOR 7,20,0,0,0,1,0,0,1,2
132,GV131,55317,GV131,LANZA,MINORISTA,-16.4943216,-68.1374362,SUPERVISOR 2,REPONEDOR 7,30,0,0,0,1,0,0,1,2
133,GV132,114981,GV132,LANZA,MINORISTA,-16.4944324,-68.1373787,SUPERVISOR 2,REPONEDOR 7,30,0,0,0,1,0,0,1,2
134,GV133,62986,GV133,LANZA,MINORISTA,-16.49477809,-68.13750817,SUPERVISOR 2,REPONEDOR 7,30,0,0,0,1,0,0,1,2
135,GV134,54904,GV134,SAN JOSE,MINORISTA,-16.4892041,-68.1578601,SUPERVISOR 2,REPONEDOR 7,30,0,0,0,1,0,0,1,2
136,GV135,53823,GV135,SAN JOSE,MINORISTA,-16.4892041,-68.1578601,SUPERVISOR 2,REPONEDOR 7,30,0,0,0,1,0,0,1,2
137,GV136,110847,GV136,RODRIGUEZ,MAYORISTA,-16.49988768,-68.13988894,SUPERVISOR 2,REPONEDOR 13,30,1,1,1,1,1,1,6,24
141,GV137,62241,GV137,RODRIGUEZ,MAYORISTA,-16.4994433,-68.1414947,SUPERVISOR 2,REPONEDOR 13,40,1,1,1,1,1,1,6,24
142,GV138,62241,GV138,RODRIGUEZ,MAYORISTA,-16.4995237,-68.1414303,SUPERVISOR 2,REPONEDOR 13,20,1,1,1,1,1,1,6,24
144,GV139,42960,GV139,RODRIGUEZ,MINORISTA,-16.4991744,-68.1413523,SUPERVISOR 2,REPONEDOR 13,15,1,0,1,0,1,0,3,12
145,GV140,127585,GV140,RODRIGUEZ,MINORISTA,-16.4988619,-68.1408724,SUPERVISOR 2,REPONEDOR 13,15,1,0,1,0,1,0,3,12
146,GV141,113367,GV141,RODRIGUEZ,MAYORISTA,-16.50055921,-68.1412076,SUPERVISOR 2,REPONEDOR 13,20,1,0,1,0,1,0,3,12
147,GV142,48956,GV142,RODRIGUEZ,MINORISTA,-16.50135385,-68.14110936,SUPERVISOR 2,REPONEDOR 13,15,1,0,1,0,1,0,3,12
148,GV143,127032,GV143,RODRIGUEZ,MAYORISTA,-16.4999644,-68.1397921,SUPERVISOR 2,REPONEDOR 13,30,1,0,1,0,1,0,3,12
149,GV144,113906,GV144,RODRIGUEZ,MINORISTA,-16.49991526,-68.13987759,SUPERVISOR 2,REPONEDOR 13,15,1,0,1,0,1,0,3,12
150,GV145,82555,GV145,RODRIGUEZ,MAYORISTA,-16.4985207,-68.1408023,SUPERVISOR 2,REPONEDOR 13,15,1,0,1,0,1,0,3,12
151,GV146,34617,GV146,RODRIGUEZ,MAYORISTA,-16.498213,-68.1411172,SUPERVISOR 2,REPONEDOR 13,15,1,0,1,0,1,0,3,12
152,GV147,77539,GV147,RODRIGUEZ,MINORISTA,-16.4983488,-68.1409979,SUPERVISOR 2,REPONEDOR 13,15,1,0,1,0,1,0,3,12
153,GV148,30226,GV148,RODRIGUEZ,MAYORISTA,-16.4983727,-68.1409564,SUPERVISOR 2,REPONEDOR 13,15,1,0,1,0,1,0,3,12
154,GV149,116307,GV149,RODRIGUEZ,DETALLISTA,-16.49896195,-68.14093828,SUPERVISOR 2,REPONEDOR 13,15,1,1,1,1,1,1,6,24
155,GV150,115555,GV150,RODRIGUEZ,MAYORISTA,-16.5007242,-68.1427375,SUPERVISOR 2,REPONEDOR 10,30,1,1,1,1,1,1,6,24
156,GV151,30693,GV151,RODRIGUEZ,DETALLISTA,-16.4997129,-68.1413482,SUPERVISOR 2,REPONEDOR 10,10,1,1,1,1,1,1,6,24
157,GV152,30693,GV152,RODRIGUEZ,DETALLISTA,-16.4997129,-68.1413482,SUPERVISOR 2,REPONEDOR 10,10,1,1,1,1,1,1,6,24
158,GV153,11657,GV153,RODRIGUEZ,MINORISTA,-16.4988625,-68.1408114,SUPERVISOR 2,REPONEDOR 10,15,1,1,1,1,1,1,6,24
159,GV154,64235,GV154,RODRIGUEZ,MINORISTA,-16.4980004,-68.1413562,SUPERVISOR 2,REPONEDOR 10,15,1,1,1,1,1,1,6,24
160,GV155,42201,GV155,RODRIGUEZ,MAYORISTA,-16.4992451,-68.1414866,SUPERVISOR 2,REPONEDOR 10,20,1,1,1,1,1,0,5,20
161,GV156,128959,GV156,RODRIGUEZ,MINORISTA,-16.4991951,-68.1413803,SUPERVISOR 2,REPONEDOR 10,10,1,1,1,1,1,1,6,24
162,GV157,30307,GV157,RODRIGUEZ,MINORISTA,-16.4991734,-68.1413399,SUPERVISOR 2,REPONEDOR 10,15,1,1,1,1,1,1,6,24
163,GV158,80499,GV158,RODRIGUEZ,MAYORISTA,-16.4995554,-68.1414279,SUPERVISOR 2,REPONEDOR 10,30,1,1,1,1,1,1,6,24
164,GV159,89245,GV159,RODRIGUEZ,MAYORISTA,-16.5020703,-68.137698,SUPERVISOR 2,REPONEDOR 10,40,1,1,1,1,1,1,6,24
165,GV160,32326,GV160,RODRIGUEZ,MAYORISTA,-16.4987885,-68.1407061,SUPERVISOR 2,REPONEDOR 10,40,1,1,1,1,1,1,6,24
166,GV161,33280,GV161,RODRIGUEZ,MINORISTA,-16.4989595,-68.1409716,SUPERVISOR 2,REPONEDOR 10,10,1,1,1,1,1,0,5,20
167,GV162,127284,GV162,RODRIGUEZ,MINORISTA,-16.4989058,-68.1410915,SUPERVISOR 2,REPONEDOR 10,10,1,1,1,1,1,0,5,20
168,GV163,130200,GV163,RODRIGUEZ,MINORISTA,-16.4989233,-68.1411667,SUPERVISOR 2,REPONEDOR 10,10,1,1,1,1,1,1,6,24
169,GV164,26949,GV164,RODRIGUEZ,MAYORISTA,-16.49888655,-68.14093128,SUPERVISOR 2,REPONEDOR 10,30,1,0,1,0,1,0,3,12
170,GV165,72454,GV165,RODRIGUEZ,MAYORISTA,-16.4995633,-68.14155,SUPERVISOR 2,REPONEDOR 10,10,0,1,0,1,0,0,2,8
171,GV166,127619,GV166,RODRIGUEZ,DETALLISTA,-16.5006957,-68.1419888,SUPERVISOR 2,REPONEDOR 10,10,0,0,0,1,0,0,1,4
172,GV167,85952,GV167,RODRIGUEZ,MAYORISTA,-16.5006608,-68.1425134,SUPERVISOR 2,REPONEDOR 10,20,1,0,1,0,1,0,3,12
173,GV168,59383,GV168,RODRIGUEZ,MAYORISTA,-16.4994075,-68.1418124,SUPERVISOR 2,REPONEDOR 10,30,1,0,1,0,1,0,3,12
174,GV169,129709,GV169,RODRIGUEZ,MINORISTA,-16.4991367,-68.1412512,SUPERVISOR 2,REPONEDOR 10,20,1,0,1,0,1,0,3,12
175,GV170,127728,GV170,RODRIGUEZ,MINORISTA,-16.4992813,-68.1414978,SUPERVISOR 2,REPONEDOR 10,10,1,0,1,0,1,0,3,12
176,GV171,81470,GV171,RODRIGUEZ,MAYORISTA,-16.5026193,-68.13727,SUPERVISOR 2,REPONEDOR 9,40,1,1,1,1,1,1,6,24
177,GV172,97832,GV172,RODRIGUEZ,MAYORISTA,-16.4990487,-68.1411054,SUPERVISOR 2,REPONEDOR 9,30,1,1,1,1,1,1,6,24
178,GV173,127179,GV173,RODRIGUEZ,MAYORISTA,-16.4989681,-68.1410118,SUPERVISOR 2,REPONEDOR 9,20,1,1,1,1,1,1,6,24
179,GV174,44923,GV174,RODRIGUEZ,MAYORISTA,-16.4994493,-68.1413887,SUPERVISOR 2,REPONEDOR 9,15,1,1,1,1,1,1,6,24
180,GV175,127180,GV175,RODRIGUEZ,MAYORISTA,-16.499425,-68.1412858,SUPERVISOR 2,REPONEDOR 9,15,1,1,1,1,1,1,6,24
181,GV176,128320,GV176,RODRIGUEZ,MINORISTA,-16.4995131,-68.141288,SUPERVISOR 2,REPONEDOR 9,15,1,1,1,1,1,1,6,24
182,GV177,127180,GV177,RODRIGUEZ,MAYORISTA,-16.499425,-68.1412858,SUPERVISOR 2,REPONEDOR 9,15,1,1,1,1,1,1,6,24
183,GV178,65170,GV178,RODRIGUEZ,MINORISTA,-16.4988899,-68.1417761,SUPERVISOR 2,REPONEDOR 9,30,1,1,1,1,1,1,6,24
185,GV179,67602,GV179,RODRIGUEZ,MINORISTA,-16.4991277,-68.1412821,SUPERVISOR 2,REPONEDOR 9,20,1,1,1,1,1,1,6,24
186,GV180,83465,GV180,RODRIGUEZ,DETALLISTA,-16.4991224,-68.1412699,SUPERVISOR 2,REPONEDOR 9,20,1,1,1,1,1,1,6,24
187,GV181,44636,GV181,RODRIGUEZ,MAYORISTA,-16.4999077,-68.1398494,SUPERVISOR 2,REPONEDOR 9,20,1,1,1,1,1,1,6,24
188,GV182,114356,GV182,RODRIGUEZ,MAYORISTA,-16.50040765,-68.14118174,SUPERVISOR 2,REPONEDOR 9,30,1,1,1,1,1,1,6,24
189,GV183,51229,GV183,RODRIGUEZ,MAYORISTA,-16.499166,-68.1413318,SUPERVISOR 2,REPONEDOR 9,20,1,1,1,1,1,1,6,24
190,GV184,87589,GV184,RODRIGUEZ,MINORISTA,-16.5031956,-68.1407388,SUPERVISOR 2,REPONEDOR 9,15,0,1,0,1,0,0,2,8
191,GV185,90717,GV185,RODRIGUEZ,MINORISTA,-16.5034541,-68.14105294,SUPERVISOR 2,REPONEDOR 9,10,0,1,0,1,0,0,2,8
192,GV186,37496,GV186,RODRIGUEZ,DETALLISTA,-16.5031201,-68.1406694,SUPERVISOR 2,REPONEDOR 9,10,0,1,0,1,0,0,2,8
193,GV187,82678,GV187,RODRIGUEZ,DETALLISTA,-16.5030066,-68.1409062,SUPERVISOR 2,REPONEDOR 9,10,0,1,0,1,0,0,2,8
194,GV188,87496,GV188,RODRIGUEZ,MINORISTA,-16.5025674,-68.1402199,SUPERVISOR 2,REPONEDOR 9,10,0,1,0,1,0,0,2,8
195,GV189,63248,GV189,RODRIGUEZ,DETALLISTA,-16.5029689,-68.1409704,SUPERVISOR 2,REPONEDOR 9,10,0,1,0,1,0,0,2,8
196,GV190,87741,GV190,RODRIGUEZ,MAYORISTA,-16.5025155,-68.1400706,SUPERVISOR 2,REPONEDOR 9,10,0,1,0,1,0,0,2,8
197,GV191,90632,GV191,RODRIGUEZ,DETALLISTA,-16.5033083,-68.1408658,SUPERVISOR 2,REPONEDOR 9,10,0,1,0,1,0,0,2,8
198,GV192,63883,GV192,RODRIGUEZ,MINORISTA,-16.502288,-68.140007,SUPERVISOR 2,REPONEDOR 9,10,0,1,0,1,0,0,2,8
199,GV193,51581,GV193,RODRIGUEZ,MAYORISTA,-16.5018637,-68.1384385,SUPERVISOR 2,REPONEDOR 4,25,1,1,1,1,1,1,6,24
200,GV194,80500,GV194,RODRIGUEZ,MINORISTA,-16.4998714,-68.1398457,SUPERVISOR 2,REPONEDOR 4,20,1,1,1,1,1,1,6,24
201,GV195,19603,GV195,RODRIGUEZ,MAYORISTA,-16.5017242,-68.1383093,SUPERVISOR 2,REPONEDOR 4,45,1,1,1,1,1,1,6,24
202,GV196,78809,GV196,RODRIGUEZ,DETALLISTA,-16.500563,-68.1378716,SUPERVISOR 2,REPONEDOR 4,15,1,1,1,1,1,1,6,24
203,GV197,74802,GV197,RODRIGUEZ,MAYORISTA,-16.5019624,-68.1377874,SUPERVISOR 2,REPONEDOR 4,30,1,0,1,0,1,0,3,12
204,GV198,101947,GV198,RODRIGUEZ,MAYORISTA,-16.5020408,-68.1377068,SUPERVISOR 2,REPONEDOR 4,30,1,0,1,0,1,0,3,12
205,GV199,95074,GV199,RODRIGUEZ,MAYORISTA,-16.5013458,-68.1386133,SUPERVISOR 2,REPONEDOR 4,20,1,0,1,0,1,0,3,12
206,GV200,89430,GV200,RODRIGUEZ,MINORISTA,-16.499256,-68.138956,SUPERVISOR 2,REPONEDOR 4,20,1,0,1,0,1,0,3,12
207,GV201,97224,GV201,RODRIGUEZ,MAYORISTA,-16.49999435,-68.13852609,SUPERVISOR 2,REPONEDOR 4,20,1,0,1,0,1,0,3,12
208,GV202,97225,GV202,RODRIGUEZ,MAYORISTA,-16.5002997,-68.1383141,SUPERVISOR 2,REPONEDOR 4,30,1,0,1,0,1,0,3,12
209,GV203,96583,GV203,RODRIGUEZ,MAYORISTA,-16.4989247,-68.1390108,SUPERVISOR 2,REPONEDOR 4,40,1,0,1,0,1,1,4,16
210,GV204,97431,GV204,RODRIGUEZ,MAYORISTA,-16.500393,-68.1387673,SUPERVISOR 2,REPONEDOR 4,25,1,0,1,0,1,1,4,16
211,GV205,95075,GV205,RODRIGUEZ,MAYORISTA,-16.5018365,-68.1379528,SUPERVISOR 2,REPONEDOR 4,10,0,1,0,1,0,1,3,12
212,GV206,99891,GV206,RODRIGUEZ,MAYORISTA,-16.5002845,-68.1411934,SUPERVISOR 2,REPONEDOR 4,15,0,1,0,1,0,0,2,8
213,GV207,104313,GV207,RODRIGUEZ,MINORISTA,-16.5002614,-68.1381783,SUPERVISOR 2,REPONEDOR 4,10,0,1,0,1,0,0,2,8
214,GV208,108646,GV208,RODRIGUEZ,MAYORISTA,-16.4998046,-68.1389747,SUPERVISOR 2,REPONEDOR 4,15,0,1,0,1,0,0,2,8
215,GV209,40104,GV209,RODRIGUEZ,MINORISTA,-16.5003321,-68.1395226,SUPERVISOR 2,REPONEDOR 4,15,0,1,0,1,0,0,2,8
216,GV210,122659,GV210,RODRIGUEZ,DETALLISTA,-16.49929144,-68.1390343,SUPERVISOR 2,REPONEDOR 4,10,0,1,0,1,0,0,2,8
217,GV211,15185,GV211,RODRIGUEZ,DETALLISTA,-16.5003444,-68.1412401,SUPERVISOR 2,REPONEDOR 4,10,0,1,0,1,0,0,2,8
218,GV212,127588,GV212,RODRIGUEZ,MAYORISTA,-16.500168,-68.1395361,SUPERVISOR 2,REPONEDOR 4,15,0,1,0,1,0,0,2,8
219,GV213,127283,GV213,RODRIGUEZ,MINORISTA,-16.5000856,-68.138515,SUPERVISOR 2,REPONEDOR 4,15,0,1,0,1,0,0,2,8
220,GV214,78809,GV214,RODRIGUEZ,DETALLISTA,-16.500563,-68.1378716,SUPERVISOR 2,REPONEDOR 4,15,0,1,0,1,0,0,2,8
221,GV215,72982,GV215,RODRIGUEZ,MAYORISTA,-16.5007406,-68.1392177,SUPERVISOR 2,REPONEDOR 12,60,1,1,1,1,1,1,6,24
222,GV216,78343,GV216,RODRIGUEZ,MINORISTA,-16.5003649,-68.1387869,SUPERVISOR 2,REPONEDOR 12,15,1,0,1,0,1,0,3,12
223,GV217,11113,GV217,RODRIGUEZ,MAYORISTA,-16.5003496,-68.1388386,SUPERVISOR 2,REPONEDOR 12,30,1,1,1,1,1,0,5,20
224,GV218,118450,GV218,RODRIGUEZ,MAYORISTA,-16.50033611,-68.13887902,SUPERVISOR 2,REPONEDOR 12,30,1,0,1,0,1,0,3,12
225,GV219,42355,GV219,RODRIGUEZ,MAYORISTA,-16.5004574,-68.139034,SUPERVISOR 2,REPONEDOR 12,25,1,1,1,1,1,0,5,20
226,GV220,33846,GV220,RODRIGUEZ,MINORISTA,-16.5011085,-68.1389051,SUPERVISOR 2,REPONEDOR 12,15,1,0,1,0,1,0,3,12
228,GV221,75836,GV221,RODRIGUEZ,MAYORISTA,-16.4998818,-68.1386406,SUPERVISOR 2,REPONEDOR 12,35,1,0,1,0,1,0,3,12
229,GV222,45810,GV222,RODRIGUEZ,MAYORISTA,-16.5004236,-68.1380964,SUPERVISOR 2,REPONEDOR 12,25,1,0,1,0,1,0,3,12
230,GV223,51227,GV223,RODRIGUEZ,MINORISTA,-16.4997932,-68.1387586,SUPERVISOR 2,REPONEDOR 12,15,1,0,1,0,1,0,3,12
231,GV224,88384,GV224,RODRIGUEZ,MAYORISTA,-16.5003862,-68.1390422,SUPERVISOR 2,REPONEDOR 12,20,1,0,1,0,1,0,3,12
232,GV225,53564,GV225,RODRIGUEZ,MAYORISTA,-16.5003992,-68.1390759,SUPERVISOR 2,REPONEDOR 12,25,0,1,0,1,0,0,2,8
233,GV226,33958,GV226,RODRIGUEZ,MINORISTA,-16.5023212,-68.1374275,SUPERVISOR 2,REPONEDOR 12,20,0,1,0,1,0,0,2,8
234,GV227,86361,GV227,RODRIGUEZ,DETALLISTA,-16.5005023,-68.1393485,SUPERVISOR 2,REPONEDOR 12,15,0,1,0,1,0,0,2,8
235,GV228,95004,GV228,RODRIGUEZ,MAYORISTA,-16.4997017,-68.13883,SUPERVISOR 2,REPONEDOR 12,25,0,1,0,1,0,0,2,8
236,GV229,45749,GV229,RODRIGUEZ,MAYORISTA,-16.4998895,-68.1386014,SUPERVISOR 2,REPONEDOR 12,45,0,1,0,1,0,0,2,8
237,GV230,31709,GV230,RODRIGUEZ,MINORISTA,-16.5003304,-68.1385311,SUPERVISOR 2,REPONEDOR 12,20,0,1,0,1,0,0,2,8
238,GV231,80668,GV231,RODRIGUEZ,MINORISTA,-16.4993574,-68.1417336,SUPERVISOR 2,REPONEDOR 8,30,1,1,1,1,1,0,5,20
239,GV232,51382,GV232,RODRIGUEZ,MAYORISTA,-16.500759,-68.1412884,SUPERVISOR 2,REPONEDOR 8,20,0,1,1,1,1,1,5,20
240,GV233,51416,GV233,RODRIGUEZ,MAYORISTA,-16.5017329,-68.1382752,SUPERVISOR 2,REPONEDOR 8,60,1,1,1,1,1,1,6,24
241,GV234,16239,GV234,RODRIGUEZ,MINORISTA,-16.5017274,-68.1383042,SUPERVISOR 2,REPONEDOR 8,30,1,1,1,1,1,1,6,24
242,GV235,16239,GV235,RODRIGUEZ,MINORISTA,-16.5017274,-68.1383042,SUPERVISOR 2,REPONEDOR 8,40,1,1,1,1,1,1,6,24
243,GV236,32175,GV236,RODRIGUEZ,MAYORISTA,-16.4997403,-68.1398776,SUPERVISOR 2,REPONEDOR 8,40,1,1,1,1,1,1,6,24
244,GV237,125372,GV237,RODRIGUEZ,MAYORISTA,-16.5005494,-68.1394516,SUPERVISOR 2,REPONEDOR 8,40,1,1,1,1,1,1,6,24
245,GV238,109990,GV238,RODRIGUEZ,DETALLISTA,-16.5003681,-68.1385797,SUPERVISOR 2,REPONEDOR 8,20,1,1,1,1,1,1,6,24
246,GV239,87944,GV239,RODRIGUEZ,MAYORISTA,-16.5006579,-68.1391863,SUPERVISOR 2,REPONEDOR 8,15,1,1,1,1,1,1,6,24
247,GV240,77545,GV240,RODRIGUEZ,MINORISTA,-16.5005618,-68.1392802,SUPERVISOR 2,REPONEDOR 8,15,1,1,1,1,1,1,6,24
248,GV241,84154,GV241,RODRIGUEZ,MAYORISTA,-16.5005615,-68.1394384,SUPERVISOR 2,REPONEDOR 8,15,1,1,1,1,1,1,6,24
249,GV242,129708,GV242,RODRIGUEZ,MINORISTA,-16.50022507,-68.13832855,SUPERVISOR 2,REPONEDOR 8,15,1,1,1,1,1,1,6,24
250,GV243,86360,GV243,RODRIGUEZ,DETALLISTA,-16.4998013,-68.13714119,SUPERVISOR 2,REPONEDOR 8,20,0,1,1,1,1,1,5,20
251,GV244,43204,GV244,RODRIGUEZ,MAYORISTA,-16.4996409,-68.1398937,SUPERVISOR 2,REPONEDOR 8,15,1,1,1,1,1,1,6,24
252,GV245,11741,GV245,RODRIGUEZ,MAYORISTA,-16.5019865,-68.1377668,SUPERVISOR 2,REPONEDOR 3,45,1,1,1,1,1,0,5,20
253,GV246,74963,GV246,RODRIGUEZ,MAYORISTA,-16.50202139,-68.13765319,SUPERVISOR 2,REPONEDOR 3,30,1,1,1,1,1,1,6,24
254,GV247,97138,GV247,RODRIGUEZ,MAYORISTA,-16.5018011,-68.1379722,SUPERVISOR 2,REPONEDOR 3,90,1,1,1,1,1,1,6,24
255,GV248,19345,GV248,RODRIGUEZ,MAYORISTA,-16.5020275,-68.137721,SUPERVISOR 2,REPONEDOR 3,90,1,1,1,1,1,1,6,24
256,GV249,94950,GV249,RODRIGUEZ,DETALLISTA,-16.50048232,-68.13948882,SUPERVISOR 2,REPONEDOR 3,20,0,1,1,1,1,1,5,20
257,GV250,107770,GV250,RODRIGUEZ,MAYORISTA,-16.50014353,-68.14099647,SUPERVISOR 2,REPONEDOR 3,30,0,1,0,1,0,0,2,8
258,GV251,113041,GV251,RODRIGUEZ,MINORISTA,-16.50022966,-68.14113216,SUPERVISOR 2,REPONEDOR 3,20,0,1,0,1,0,0,2,8
259,GV252,97697,GV252,RODRIGUEZ,MINORISTA,-16.50067721,-68.14126227,SUPERVISOR 2,REPONEDOR 3,30,0,1,0,1,0,0,2,8
260,GV253,112263,GV253,RODRIGUEZ,MINORISTA,-16.5003149,-68.1412258,SUPERVISOR 2,REPONEDOR 3,20,0,1,0,1,0,0,2,8
261,GV254,111007,GV254,RODRIGUEZ,MINORISTA,-16.50132924,-68.13865338,SUPERVISOR 2,REPONEDOR 3,20,0,1,0,1,0,0,2,8
262,GV255,111595,GV255,RODRIGUEZ,MINORISTA,-16.50146973,-68.13848428,SUPERVISOR 2,REPONEDOR 3,30,1,0,1,0,1,0,3,12
263,GV256,26210,GV256,RODRIGUEZ,MINORISTA,-16.50233855,-68.13746591,SUPERVISOR 2,REPONEDOR 3,30,1,0,1,0,1,0,3,12
264,GV257,53544,GV257,RODRIGUEZ,MINORISTA,-16.5007939,-68.1404534,SUPERVISOR 2,REPONEDOR 3,20,1,0,1,0,1,0,3,12
265,GV258,129360,GV258,RODRIGUEZ,MINORISTA,-16.50227356,-68.13739777,SUPERVISOR 2,REPONEDOR 3,10,1,0,1,0,1,0,3,12
266,GV259,129347,GV259,RODRIGUEZ,DETALLISTA,-16.50147629,-68.13830566,SUPERVISOR 2,REPONEDOR 3,10,1,0,1,0,1,0,3,12
267,GV260,39077,GV260,VILLA FATIMA,MAYORISTA,-16.4798671,-68.12073747,SUPERVISOR 2,REPONEDOR 5,15,1,1,1,1,1,1,6,24
268,GV261,39077,GV261,VILLA FATIMA,MAYORISTA,-16.480175,-68.1207548,SUPERVISOR 2,REPONEDOR 5,15,1,1,1,1,1,1,6,24
269,GV262,82145,GV262,VILLA FATIMA,MINORISTA,-16.4784711,-68.1204135,SUPERVISOR 2,REPONEDOR 5,12,1,1,1,1,1,1,6,24
270,GV263,119536,GV263,VILLA FATIMA,MAYORISTA,-16.47997473,-68.12010997,SUPERVISOR 2,REPONEDOR 5,15,1,1,1,1,1,1,6,24
272,GV264,76945,GV264,VILLA FATIMA,MAYORISTA,-16.4795581,-68.1198325,SUPERVISOR 2,REPONEDOR 5,30,1,1,1,1,1,1,6,24
273,GV265,122658,GV265,VILLA FATIMA,MAYORISTA,-16.4801199,-68.1209754,SUPERVISOR 2,REPONEDOR 5,15,1,0,1,0,1,0,3,12
274,GV266,122658,GV266,VILLA FATIMA,MAYORISTA,-16.4800497,-68.1209232,SUPERVISOR 2,REPONEDOR 5,15,1,0,1,0,1,0,3,12
275,GV267,122658,GV267,VILLA FATIMA,MAYORISTA,-16.4803605,-68.1209784,SUPERVISOR 2,REPONEDOR 5,15,1,0,1,0,1,0,3,12
276,GV268,122668,GV268,VILLA FATIMA,MINORISTA,-16.48076582,-68.1213189,SUPERVISOR 2,REPONEDOR 5,10,1,1,1,1,1,1,6,24
277,GV269,118994,GV269,VILLA FATIMA,MAYORISTA,-16.47900922,-68.12093821,SUPERVISOR 2,REPONEDOR 5,35,1,1,1,1,1,1,6,24
278,GV270,118994,GV270,VILLA FATIMA,MAYORISTA,-16.47900922,-68.12093821,SUPERVISOR 2,REPONEDOR 5,30,1,1,1,1,1,1,6,24
279,GV271,42917,GV271,VILLA FATIMA,MAYORISTA,-16.48046279,-68.12090733,SUPERVISOR 2,REPONEDOR 5,15,1,0,1,0,1,0,3,12
280,GV272,118977,GV272,VILLA FATIMA,DETALLISTA,-16.47933921,-68.11984169,SUPERVISOR 2,REPONEDOR 5,10,0,1,0,1,0,0,2,8
281,GV273,122772,GV273,VILLA FATIMA,DETALLISTA,-16.48061176,-68.11937718,SUPERVISOR 2,REPONEDOR 5,10,0,1,0,1,0,0,2,8
282,GV274,64399,GV274,VILLA FATIMA,DETALLISTA,-16.48037837,-68.12089527,SUPERVISOR 2,REPONEDOR 5,10,0,1,0,1,0,0,2,8
283,GV275,41484,GV275,VILLA FATIMA,MINORISTA,-16.4804916,-68.1209415,SUPERVISOR 2,REPONEDOR 5,10,0,1,0,1,0,0,2,8
284,GV276,89111,GV276,VILLA FATIMA,DETALLISTA,-16.4790421,-68.1174548,SUPERVISOR 2,REPONEDOR 5,15,1,0,1,1,0,0,3,12
285,GV277,83109,GV277,VILLA FATIMA,MAYORISTA,-16.4798269,-68.120497,SUPERVISOR 2,REPONEDOR 5,25,1,0,1,1,0,0,3,12
286,GV278,88255,GV278,VILLA FATIMA,MAYORISTA,-16.48061176,-68.11937718,SUPERVISOR 2,REPONEDOR 5,30,1,0,1,1,0,0,3,12
287,GV279,43200,GV279,VILLA FATIMA,MINORISTA,-16.4805291,-68.1213281,SUPERVISOR 2,REPONEDOR 5,25,1,0,1,1,0,0,3,12
288,GV280,123201,GV280,VILLA FATIMA,MINORISTA,-16.47927358,-68.12063487,SUPERVISOR 2,REPONEDOR 5,15,0,1,0,1,0,0,2,8
289,GV281,42822,GV281,VILLA FATIMA,MAYORISTA,-16.4802145,-68.1200222,SUPERVISOR 2,REPONEDOR 6,40,1,1,1,1,1,1,6,24
290,GV282,42821,GV282,VILLA FATIMA,MINORISTA,-16.4795886,-68.120069,SUPERVISOR 2,REPONEDOR 6,30,1,1,1,1,1,1,6,24
291,GV283,65572,GV283,VILLA FATIMA,MINORISTA,-16.4796413,-68.1201847,SUPERVISOR 2,REPONEDOR 6,30,1,1,1,1,1,1,6,24
292,GV284,122330,GV284,VILLA FATIMA,MINORISTA,-16.47966225,-68.12016161,SUPERVISOR 2,REPONEDOR 6,15,1,1,1,1,1,1,6,24
293,GV285,122330,GV285,VILLA FATIMA,MINORISTA,-16.47966225,-68.12016161,SUPERVISOR 2,REPONEDOR 6,15,1,1,1,1,1,1,6,24
294,GV286,81777,GV286,VILLA FATIMA,MAYORISTA,-16.479719,-68.120557,SUPERVISOR 2,REPONEDOR 6,45,1,1,1,1,1,1,6,24
295,GV287,33528,GV287,VILLA FATIMA,MINORISTA,-16.4794352,-68.119648,SUPERVISOR 2,REPONEDOR 6,10,0,1,0,1,0,1,3,12
296,GV288,39077,GV288,VILLA FATIMA,MAYORISTA,-16.4798671,-68.12073747,SUPERVISOR 2,REPONEDOR 6,45,1,0,1,0,1,0,3,12
297,GV289,39077,GV289,VILLA FATIMA,MAYORISTA,-16.480175,-68.1207548,SUPERVISOR 2,REPONEDOR 6,45,1,0,1,0,1,0,3,12
298,GV290,122658,GV290,VILLA FATIMA,MAYORISTA,-16.4801199,-68.1209754,SUPERVISOR 2,REPONEDOR 6,20,1,0,1,0,1,0,3,12
299,GV291,131499,GV291,VILLA FATIMA,MAYORISTA,-16.4802818,-68.120968,SUPERVISOR 2,REPONEDOR 6,20,1,0,1,0,1,0,3,12
300,GV292,97432,GV292,VILLA FATIMA,MINORISTA,-16.4797174,-68.1205161,SUPERVISOR 2,REPONEDOR 6,15,0,1,0,1,1,0,3,12
301,GV293,43200,GV293,VILLA FATIMA,MINORISTA,-16.4805291,-68.1213281,SUPERVISOR 2,REPONEDOR 6,15,0,1,0,1,1,0,3,12
302,GV294,43729,GV294,VILLA FATIMA,MINORISTA,-16.479812,-68.1208224,SUPERVISOR 2,REPONEDOR 6,10,0,1,0,1,0,0,2,8
303,GV295,119471,GV295,VILLA FATIMA,MAYORISTA,-16.47940392,-68.12069031,SUPERVISOR 2,REPONEDOR 6,10,0,1,0,1,0,0,2,8
304,GV296,122468,GV296,VILLA FATIMA,DETALLISTA,-16.47961474,-68.12080736,SUPERVISOR 2,REPONEDOR 6,10,0,1,0,1,0,0,2,8
305,GV297,122243,GV297,VILLA FATIMA,MINORISTA,-16.4786511,-68.1204705,SUPERVISOR 2,REPONEDOR 6,10,0,1,0,1,0,0,2,8
306,GV298,84961,GV298,VILLA FATIMA,MAYORISTA,-16.4696732,-68.1161252,SUPERVISOR 2,REPONEDOR 6,20,0,0,0,1,0,0,1,4
307,GV299,84961,GV299,VILLA FATIMA,MAYORISTA,-16.4696732,-68.1161252,SUPERVISOR 2,REPONEDOR 6,20,0,0,0,1,0,0,1,4
308,GV300,85750,GV300,VILLA FATIMA,MAYORISTA,-16.4700446,-68.1160769,SUPERVISOR 2,REPONEDOR 6,20,0,0,0,1,0,0,1,4
309,GV301,85750,GV301,VILLA FATIMA,MAYORISTA,-16.4700446,-68.1160769,SUPERVISOR 2,REPONEDOR 6,20,0,0,0,1,0,0,1,4
310,GV302,94057,GV302,VILLA FATIMA,MAYORISTA,-16.4701565,-68.1159981,SUPERVISOR 2,REPONEDOR 6,25,0,0,0,1,0,0,1,4
311,GV303,19119,GV303,VILLA FATIMA,MAYORISTA,-16.4783793,-68.1201799,SUPERVISOR 2,REPONEDOR 11,45,1,1,1,1,1,1,6,24
312,GV304,45584,GV304,VILLA FATIMA,MAYORISTA,-16.4796753,-68.1203156,SUPERVISOR 2,REPONEDOR 11,45,1,1,1,1,1,1,6,24
313,GV305,11411,GV305,VILLA FATIMA,MINORISTA,-16.4791009,-68.1200117,SUPERVISOR 2,REPONEDOR 11,40,1,1,1,1,1,1,6,24
314,GV306,109710,GV306,VILLA FATIMA,MAYORISTA,-16.4789664,-68.1200389,SUPERVISOR 2,REPONEDOR 11,40,1,1,1,1,1,1,6,24
315,GV307,109710,GV307,VILLA FATIMA,MAYORISTA,-16.4789664,-68.1200389,SUPERVISOR 2,REPONEDOR 11,40,1,1,1,1,1,1,6,24
316,GV308,45584,GV308,VILLA FATIMA,MAYORISTA,-16.4785845,-68.1203594,SUPERVISOR 2,REPONEDOR 11,30,1,1,1,1,1,1,6,24
317,GV309,40578,GV309,VILLA FATIMA,MAYORISTA,-16.479417,-68.1202294,SUPERVISOR 2,REPONEDOR 11,20,1,1,1,1,1,1,6,24
318,GV310,45584,GV310,VILLA FATIMA,MAYORISTA,-16.4785845,-68.1203594,SUPERVISOR 2,REPONEDOR 11,15,1,1,1,1,1,1,6,24
319,GV311,34603,GV311,VILLA FATIMA,MAYORISTA,-16.47883614,-68.12039484,SUPERVISOR 2,REPONEDOR 11,20,0,1,0,1,0,0,2,8
320,GV312,122359,GV312,VILLA FATIMA,MAYORISTA,-16.48016726,-68.12094058,SUPERVISOR 2,REPONEDOR 11,25,0,1,0,1,0,0,2,8
321,GV313,127542,GV313,VILLA FATIMA,MAYORISTA,-16.4797045,-68.1204674,SUPERVISOR 2,REPONEDOR 11,45,1,0,1,0,1,0,3,12
322,GV314,127542,GV314,VILLA FATIMA,MAYORISTA,-16.4797045,-68.1204674,SUPERVISOR 2,REPONEDOR 11,45,1,0,1,0,1,0,3,12
323,GV315,45826,GV315,VILLA FATIMA,MAYORISTA,-16.4799646,-68.1210337,SUPERVISOR 2,REPONEDOR 11,45,1,0,1,0,1,0,3,12
324,GV316,48332,GV316,GARCILAZO,MINORISTA,-16.4933871,-68.1424539,SUPERVISOR 3,REPONEDOR 19,20,1,1,1,1,1,1,6,24
325,GV317,54891,GV317,GARCILAZO,MINORISTA,-16.4927429,-68.1424847,SUPERVISOR 3,REPONEDOR 19,20,1,1,1,1,1,1,6,24
326,GV318,15750,GV318,GARCILAZO,MINORISTA,-16.493184,-68.1424557,SUPERVISOR 3,REPONEDOR 19,20,1,1,1,1,1,1,6,24
327,GV319,55943,GV319,GARCILAZO,MAYORISTA,-16.494231,-68.143116,SUPERVISOR 3,REPONEDOR 19,15,1,1,1,1,1,1,6,24
328,GV320,15371,GV320,GARCILAZO,MAYORISTA,-16.4943131,-68.1434647,SUPERVISOR 3,REPONEDOR 19,30,1,1,1,1,1,1,6,24
329,GV321,19431,GV321,GARCILAZO,MAYORISTA,-16.4929934,-68.1424637,SUPERVISOR 3,REPONEDOR 19,20,1,1,1,1,1,1,6,24
331,GV322,88276,GV322,GARCILAZO,MINORISTA,-16.4935009,-68.142554,SUPERVISOR 3,REPONEDOR 19,15,1,1,1,1,1,1,6,24
332,GV323,95795,GV323,GARCILAZO,MINORISTA,-16.4940639,-68.1426373,SUPERVISOR 3,REPONEDOR 19,20,1,1,1,1,1,1,6,24
333,GV324,116604,GV324,GARCILAZO,MINORISTA,-16.4929499,-68.1425266,SUPERVISOR 3,REPONEDOR 19,15,1,1,1,1,1,1,6,24
334,GV325,199414,GV325,GARCILAZO,MINORISTA,-16.4942263,-68.1421014,SUPERVISOR 3,REPONEDOR 19,15,1,1,1,1,1,1,6,24
335,GV326,95140,GV326,GARCILAZO,MAYORISTA,-16.4940462,-68.1425857,SUPERVISOR 3,REPONEDOR 17,20,1,1,1,1,1,1,6,24
336,GV327,AUTO VENTA,GV327,GARCILAZO,MAYORISTA,-16.49418,-68.142196,SUPERVISOR 3,REPONEDOR 17,20,1,1,1,1,1,1,6,24
337,GV328,AUTO VENTA,GV328,GARCILAZO,MINORISTA,-16.49429,-68.142179,SUPERVISOR 3,REPONEDOR 17,25,1,1,1,1,1,1,6,24
338,GV329,68031,GV329,GARCILAZO,MINORISTA,-16.4944207,-68.1435892,SUPERVISOR 3,REPONEDOR 17,20,1,1,1,1,1,1,6,24
339,GV330,75000,GV330,GARCILAZO,MINORISTA,-16.4939733,-68.1423626,SUPERVISOR 3,REPONEDOR 17,25,1,1,1,1,1,1,6,24
340,GV331,94989,GV331,GARCILAZO,MINORISTA,-16.4943847,-68.1435687,SUPERVISOR 3,REPONEDOR 17,20,1,1,1,1,1,1,6,24
341,GV332,681058,GV332,GARCILAZO,MINORISTA,-16.4941799,-68.1430766,SUPERVISOR 3,REPONEDOR 17,30,1,1,1,1,1,1,6,24
342,GV333,80683,GV333,GARCILAZO,MINORISTA,-16.4941971,-68.1431665,SUPERVISOR 3,REPONEDOR 17,30,1,1,1,1,1,1,6,24
343,GV334,15022,GV334,GARCILAZO,MINORISTA,-16.4934021,-68.1423529,SUPERVISOR 3,REPONEDOR 17,30,1,1,1,1,1,0,5,20
344,GV335,105039,GV335,GARCILAZO,MINORISTA,-16.4940434,-68.142567,SUPERVISOR 3,REPONEDOR 17,25,1,1,1,1,1,1,6,24
345,GV336,70669,GV336,GARCILAZO,MAYORISTA,-16.4945267,-68.143881,SUPERVISOR 3,REPONEDOR 17,20,1,1,1,1,1,1,6,24
346,GV337,68285,GV337,GARCILAZO,MINORISTA,-16.494195,-68.1431282,SUPERVISOR 3,REPONEDOR 17,25,1,1,1,1,1,1,6,24
347,GV338,68145,GV338,GARCILAZO,MINORISTA,-16.4934117,-68.1424198,SUPERVISOR 3,REPONEDOR 17,15,1,0,1,0,1,0,3,12
348,GV339,58296,GV339,GARCILAZO,MINORISTA,-16.4933908,-68.142429,SUPERVISOR 3,REPONEDOR 17,15,1,0,1,0,1,0,3,12
349,GV340,100639,GV340,GARCILAZO,MINORISTA,-16.4934998,-68.1420199,SUPERVISOR 3,REPONEDOR 17,15,1,0,1,0,1,0,3,12
350,GV341,63575,GV341,GARCILAZO,MINORISTA,-16.4943907,-68.1448182,SUPERVISOR 3,REPONEDOR 17,15,1,0,1,0,1,0,3,12
351,GV342,84278,GV342,GARCILAZO,MAYORISTA,-16.4936731,-68.1419909,SUPERVISOR 3,REPONEDOR 17,30,1,1,1,1,1,1,6,24
352,GV343,18791,GV343,GARCILAZO,MINORISTA,-16.493401,-68.1424691,SUPERVISOR 3,REPONEDOR 17,15,0,1,0,0,1,0,2,8
353,GV344,105006,GV344,GARCILAZO,MAYORISTA,-16.4942919,-68.1434021,SUPERVISOR 3,REPONEDOR 18,30,1,1,1,1,1,1,6,24
354,GV345,119473,GV345,GARCILAZO,MAYORISTA,-16.4942898,-68.14344,SUPERVISOR 3,REPONEDOR 18,20,1,1,1,1,1,1,6,24
355,GV346,63415,GV346,GARCILAZO,MAYORISTA,-16.4943025,-68.1433927,SUPERVISOR 3,REPONEDOR 18,30,1,1,1,1,1,1,6,24
356,GV347,81441,GV347,GARCILAZO,MAYORISTA,-16.4939532,-68.1422984,SUPERVISOR 3,REPONEDOR 18,20,1,1,1,1,1,1,6,24
357,GV348,42899,GV348,GARCILAZO,MAYORISTA,-16.49398,-68.1424105,SUPERVISOR 3,REPONEDOR 18,20,1,1,1,1,1,1,6,24
358,GV349,80718,GV349,GARCILAZO,MINORISTA,-16.494114,-68.142673,SUPERVISOR 3,REPONEDOR 18,20,1,1,1,1,1,1,6,24
359,GV350,45006,GV350,GARCILAZO,MINORISTA,-16.4942958,-68.1434563,SUPERVISOR 3,REPONEDOR 18,20,1,1,1,1,1,1,6,24
360,GV351,LP-00000249,GV351,GARCILAZO,MINORISTA,-16.4941388,-68.1428205,SUPERVISOR 3,REPONEDOR 18,30,1,1,1,1,1,1,6,24
361,GV352,107601,GV352,GARCILAZO,MINORISTA,-16.4941075,-68.1428721,SUPERVISOR 3,REPONEDOR 18,25,1,1,1,1,1,1,6,24
362,GV353,92408,GV353,GARCILAZO,MINORISTA,-16.4940122,-68.1424882,SUPERVISOR 3,REPONEDOR 18,15,1,0,1,0,1,1,4,16
363,GV354,102987,GV354,GARCILAZO,MINORISTA,-16.4939622,-68.1421725,SUPERVISOR 3,REPONEDOR 18,20,0,1,0,1,0,0,2,8
364,GV355,86561,GV355,GARCILAZO,MAYORISTA,-16.4935772,-68.1424395,SUPERVISOR 3,REPONEDOR 18,30,1,1,1,1,1,1,6,24
365,GV356,122274,GV356,GARCILAZO,MAYORISTA,-16.4944846,-68.1437696,SUPERVISOR 3,REPONEDOR 18,30,1,1,1,1,1,1,6,24
366,GV357,11202,GV357,GARCILAZO,MINORISTA,-16.4939576,-68.142292,SUPERVISOR 3,REPONEDOR 18,15,1,1,1,1,1,1,6,24
367,GV358,16564,GV358,GARCILAZO,MINORISTA,-16.4946617,-68.1435135,SUPERVISOR 3,REPONEDOR 21,30,1,1,1,1,1,1,6,24
368,GV359,122030,GV359,GARCILAZO,DETALLISTA,-16.4941931,-68.1430274,SUPERVISOR 3,REPONEDOR 21,15,1,1,1,1,1,1,6,24
369,GV360,91235,GV360,GARCILAZO,MINORISTA,-16.4945684,-68.1435371,SUPERVISOR 3,REPONEDOR 21,20,1,1,1,1,1,1,6,24
371,GV361,667334,GV361,GARCILAZO,MINORISTA,-16.4940992,-68.1434935,SUPERVISOR 3,REPONEDOR 21,20,1,1,1,1,1,1,6,24
372,GV362,75183,GV362,GARCILAZO,MAYORISTA,-16.493396,-68.1426655,SUPERVISOR 3,REPONEDOR 21,30,1,1,1,1,1,1,6,24
373,GV363,68441,GV363,GARCILAZO,MAYORISTA,-16.4942271,-68.1431952,SUPERVISOR 3,REPONEDOR 21,30,1,1,1,1,1,1,6,24
374,GV364,29785,GV364,GARCILAZO,MAYORISTA,-16.4940928,-68.1427064,SUPERVISOR 3,REPONEDOR 21,25,1,1,1,1,1,1,6,24
375,GV365,113039,GV365,GARCILAZO,MINORISTA,-16.494123,-68.143451,SUPERVISOR 3,REPONEDOR 21,15,1,1,1,1,1,1,6,24
376,GV366,113063,GV366,GARCILAZO,MINORISTA,-16.4942377,-68.1432536,SUPERVISOR 3,REPONEDOR 21,10,1,1,1,1,1,1,6,24
377,GV367,116170,GV367,GARCILAZO,MINORISTA,-16.4932857,-68.1426831,SUPERVISOR 3,REPONEDOR 21,15,1,0,1,0,1,0,3,12
378,GV368,650068,GV368,GARCILAZO,MAYORISTA,-16.4941236,-68.1427734,SUPERVISOR 3,REPONEDOR 21,15,1,1,1,1,1,1,6,24
379,GV369,692916,GV369,GARCILAZO,MINORISTA,-16.4941236,-68.1427734,SUPERVISOR 3,REPONEDOR 21,15,1,1,1,1,1,1,6,24
380,GV370,18680,GV370,GARCILAZO,MAYORISTA,-16.4932564,-68.1424582,SUPERVISOR 3,REPONEDOR 14,25,1,1,1,1,1,1,6,24
381,GV371,35968,GV371,GARCILAZO,MINORISTA,-16.4933408,-68.1424662,SUPERVISOR 3,REPONEDOR 14,15,1,0,1,0,1,0,3,12
382,GV372,48335,GV372,GARCILAZO,MAYORISTA,-16.4934328,-68.1422785,SUPERVISOR 3,REPONEDOR 14,20,1,1,1,1,1,1,6,24
383,GV373,96893,GV373,GARCILAZO,MAYORISTA,-16.4943458,-68.1419787,SUPERVISOR 3,REPONEDOR 14,30,1,1,1,1,1,1,6,24
384,GV374,39220,GV374,GARCILAZO,MAYORISTA,-16.4941584,-68.1421484,SUPERVISOR 3,REPONEDOR 14,20,1,1,1,1,1,1,6,24
385,GV375,829443,GV375,GARCILAZO,MAYORISTA,-16.4934714,-68.142111,SUPERVISOR 3,REPONEDOR 14,25,1,1,1,1,1,1,6,24
386,GV376,39220,GV376,GARCILAZO,MAYORISTA,-16.4941584,-68.1421484,SUPERVISOR 3,REPONEDOR 14,20,1,1,1,1,1,1,6,24
387,GV377,71464,GV377,GARCILAZO,MAYORISTA,-16.4941579,-68.1429542,SUPERVISOR 3,REPONEDOR 14,15,1,1,1,1,1,1,6,24
388,GV378,68218,GV378,GARCILAZO,MINORISTA,-16.4940061,-68.1423046,SUPERVISOR 3,REPONEDOR 14,45,1,1,1,1,1,1,6,24
389,GV379,62643,GV379,GARCILAZO,MAYORISTA,-16.4938335,-68.1423418,SUPERVISOR 3,REPONEDOR 14,30,1,1,1,1,1,1,6,24
390,GV380,106672,GV380,GARCILAZO,MINORISTA,-16.4976571,-68.1436422,SUPERVISOR 3,REPONEDOR 14,20,0,1,0,1,0,0,2,8
391,GV381,115625,GV381,GARCILAZO,MAYORISTA,-16.4939898,-68.14235,SUPERVISOR 3,REPONEDOR 14,15,1,1,1,1,1,1,6,24
392,GV382,97332,GV382,GARCILAZO,MINORISTA,-16.4939681,-68.1423611,SUPERVISOR 3,REPONEDOR 14,15,1,1,1,1,1,1,6,24
393,GV383,44922,GV383,GARCILAZO,MINORISTA,-16.495872,-68.1412475,SUPERVISOR 3,REPONEDOR 14,20,1,1,1,1,1,1,6,24
394,GV384,75732,GV384,GARCILAZO,MINORISTA,-16.4978012,-68.144385,SUPERVISOR 3,REPONEDOR 14,15,0,1,0,1,0,0,2,8
395,GV385,109526,GV385,GARCILAZO,MINORISTA,-16.4977432,-68.1442776,SUPERVISOR 3,REPONEDOR 14,15,1,0,1,0,1,0,3,12
396,GV386,96859,GV386,GARCILAZO,MAYORISTA,-16.4938431,-68.1423348,SUPERVISOR 3,REPONEDOR 22,30,1,1,1,1,1,1,6,24
397,GV387,96859,GV387,GARCILAZO,MAYORISTA,-16.4938431,-68.1423348,SUPERVISOR 3,REPONEDOR 22,20,1,1,1,1,1,1,6,24
398,GV388,36134,GV388,GARCILAZO,MAYORISTA,-16.4940552,-68.1426411,SUPERVISOR 3,REPONEDOR 22,25,1,1,1,1,1,1,6,24
399,GV389,36134,GV389,GARCILAZO,MAYORISTA,-16.4940552,-68.1426411,SUPERVISOR 3,REPONEDOR 22,20,1,1,1,1,1,1,6,24
400,GV390,96582,GV390,GARCILAZO,MAYORISTA,-16.4944714,-68.1437699,SUPERVISOR 3,REPONEDOR 22,20,1,1,1,1,1,1,6,24
401,GV391,89112,GV391,GARCILAZO,MAYORISTA,-16.4940913,-68.1427038,SUPERVISOR 3,REPONEDOR 22,30,1,1,1,1,1,1,6,24
402,GV392,94406,GV392,GARCILAZO,MAYORISTA,-16.4937194,-68.1423811,SUPERVISOR 3,REPONEDOR 22,15,1,1,1,1,1,1,6,24
403,GV393,30578,GV393,GARCILAZO,MAYORISTA,-16.4961196,-68.1451943,SUPERVISOR 3,REPONEDOR 22,15,1,0,1,0,1,0,3,12
404,GV394,72197,GV394,GARCILAZO,MAYORISTA,-16.4961141,-68.1452318,SUPERVISOR 3,REPONEDOR 22,15,1,0,1,0,1,0,3,12
405,GV395,114193,GV395,GARCILAZO,MAYORISTA,-16.4960959,-68.1452406,SUPERVISOR 3,REPONEDOR 22,20,1,0,1,0,1,0,3,12
406,GV396,118155,GV396,GARCILAZO,MAYORISTA,-16.4963707,-68.1446929,SUPERVISOR 3,REPONEDOR 22,15,1,0,1,0,1,0,3,12
407,GV397,116815,GV397,GARCILAZO,MAYORISTA,-16.4930213,-68.144641,SUPERVISOR 3,REPONEDOR 22,20,1,1,1,1,1,1,6,24
408,GV398,29406,GV398,GARCILAZO,MAYORISTA,-16.4974034,-68.144477,SUPERVISOR 3,REPONEDOR 22,20,1,1,1,1,1,0,5,20
409,GV399,55300,GV399,GARCILAZO,DETALLISTA,-16.4955765,-68.1431086,SUPERVISOR 3,REPONEDOR 22,10,0,1,0,0,0,0,1,4
410,GV400,19347,GV400,GARCILAZO,DETALLISTA,-16.4964746,-68.1429872,SUPERVISOR 3,REPONEDOR 22,10,0,1,0,0,0,0,1,4
411,GV401,51080,GV401,GARCILAZO,DETALLISTA,-16.4957123,-68.1430843,SUPERVISOR 3,REPONEDOR 22,10,0,1,0,0,0,0,1,4
412,GV402,103898,GV402,GARCILAZO,DETALLISTA,-16.4964746,-68.1429872,SUPERVISOR 3,REPONEDOR 22,10,0,1,0,0,0,0,1,4
413,GV403,55755,GV403,GARCILAZO,DETALLISTA,-16.4957123,-68.1430843,SUPERVISOR 3,REPONEDOR 22,10,0,1,0,0,0,0,1,4
414,GV404,104007,GV404,GARCILAZO,MAYORISTA,-16.4930536,-68.1424449,SUPERVISOR 3,REPONEDOR 20,20,1,1,1,1,1,1,6,24
415,GV405,185827,GV405,GARCILAZO,MAYORISTA,-16.4935132,-68.1421804,SUPERVISOR 3,REPONEDOR 20,30,1,1,1,1,1,1,6,24
418,GV406,105832,GV406,GARCILAZO,MAYORISTA,-16.4957137,-68.1442978,SUPERVISOR 3,REPONEDOR 20,30,1,1,1,1,1,1,6,24
419,GV407,94980,GV407,GARCILAZO,MINORISTA,-16.4962074,-68.1450083,SUPERVISOR 3,REPONEDOR 20,30,1,1,1,1,1,1,6,24
420,GV408,113222,GV408,GARCILAZO,MINORISTA,-16.4962787,-68.1443539,SUPERVISOR 3,REPONEDOR 20,20,1,1,1,1,1,1,6,24
421,GV409,92227,GV409,GARCILAZO,MINORISTA,-16.4955873,-68.1453942,SUPERVISOR 3,REPONEDOR 20,30,1,1,1,1,1,1,6,24
422,GV410,668300,GV410,GARCILAZO,MINORISTA,-16.4963629,-68.1443952,SUPERVISOR 3,REPONEDOR 20,15,1,1,1,1,1,1,6,24
423,GV411,44778,GV411,GARCILAZO,MAYORISTA,-16.4961141,-68.1452318,SUPERVISOR 3,REPONEDOR 20,25,1,1,1,1,1,1,6,24
424,GV412,180498,GV412,GARCILAZO,MAYORISTA,-16.4797,-68.1204603,SUPERVISOR 3,REPONEDOR 20,40,1,0,0,1,0,0,2,8
425,GV413,676553,GV413,GARCILAZO,MINORISTA,-16.4962063,-68.1450083,SUPERVISOR 3,REPONEDOR 20,20,1,0,0,1,0,0,2,8
426,GV414,690504,GV414,GARCILAZO,MAYORISTA,-16.4962058,-68.1450083,SUPERVISOR 3,REPONEDOR 20,15,1,0,0,1,0,0,2,8
427,GV415,116168,GV415,GARCILAZO,MINORISTA,-16.494295,-68.143444,SUPERVISOR 3,REPONEDOR 16,20,1,1,1,1,1,1,6,24
428,GV416,26881,GV416,GARCILAZO,MAYORISTA,-16.4961852,-68.1452628,SUPERVISOR 3,REPONEDOR 16,90,1,1,1,1,1,1,6,24
429,GV417,104750,GV417,GARCILAZO,MAYORISTA,-16.4942824,-68.1429816,SUPERVISOR 3,REPONEDOR 16,20,1,1,1,1,1,1,6,24
430,GV418,96895,GV418,GARCILAZO,MAYORISTA,-16.4933694,-68.1418372,SUPERVISOR 3,REPONEDOR 16,20,1,1,1,1,1,1,6,24
431,GV419,94856,GV419,GARCILAZO,MAYORISTA,-16.4943724,-68.14357,SUPERVISOR 3,REPONEDOR 16,20,1,1,1,1,1,1,6,24
432,GV420,104750,GV420,GARCILAZO,MAYORISTA,-16.4940966,-68.1427254,SUPERVISOR 3,REPONEDOR 16,30,1,1,1,1,1,1,6,24
433,GV421,108942,GV421,GARCILAZO,MAYORISTA,-16.4942802,-68.1433151,SUPERVISOR 3,REPONEDOR 16,30,1,1,1,1,1,1,6,24
434,GV422,109017,GV422,GARCILAZO,MAYORISTA,-16.4941914,-68.1429831,SUPERVISOR 3,REPONEDOR 16,15,0,1,0,1,0,1,3,12
435,GV423,109017,GV423,GARCILAZO,MAYORISTA,-16.4941914,-68.1429831,SUPERVISOR 3,REPONEDOR 16,20,1,1,1,1,1,1,6,24
436,GV424,AUTOVENTA,GV424,GARCILAZO,MINORISTA,-16.494374,-68.143608,SUPERVISOR 3,REPONEDOR 16,25,1,0,1,1,0,0,3,12
437,GV425,107734,GV425,GARCILAZO,MAYORISTA,-16.4963445,-68.1447023,SUPERVISOR 3,REPONEDOR 16,15,1,0,1,1,0,0,3,12
439,GV426,70430,GV426,TEJAR,DETALLISTA,-16.4961852,-68.1452208,SUPERVISOR 3,REPONEDOR 23,20,1,1,1,1,1,1,6,24
440,GV427,109344,GV427,TEJAR,MINORISTA,-16.4948565,-68.1540118,SUPERVISOR 3,REPONEDOR 23,20,1,1,1,1,1,1,6,24
441,GV428,42637,GV428,TEJAR,DETALLISTA,-16.4950711,-68.1528837,SUPERVISOR 3,REPONEDOR 23,25,1,1,1,1,1,1,6,24
442,GV429,47389,GV429,TEJAR,MINORISTA,-16.494703,-68.1543938,SUPERVISOR 3,REPONEDOR 23,10,1,1,1,1,1,1,6,24
443,GV430,90915,GV430,TEJAR,MINORISTA,-16.4953348,-68.154071,SUPERVISOR 3,REPONEDOR 23,15,1,1,1,1,1,1,6,24
444,GV431,83207,GV431,TEJAR,MINORISTA,-16.4953468,-68.1530079,SUPERVISOR 3,REPONEDOR 23,15,1,1,1,1,1,1,6,24
445,GV432,42887,GV432,TEJAR,MINORISTA,-16.4950344,-68.1546578,SUPERVISOR 3,REPONEDOR 23,20,1,1,1,1,1,1,6,24
446,GV433,14110,GV433,TEJAR,MAYORISTA,-16.4947344,-68.1543262,SUPERVISOR 3,REPONEDOR 23,15,1,1,1,1,1,1,6,24
447,GV434,76191,GV434,TEJAR,MINORISTA,-16.4952988,-68.1540824,SUPERVISOR 3,REPONEDOR 23,15,1,1,1,1,1,1,6,24
448,GV435,43378,GV435,TEJAR,MAYORISTA,-16.4949557,-68.1537953,SUPERVISOR 3,REPONEDOR 23,15,1,1,1,1,1,1,6,24
449,GV436,45585,GV436,TEJAR,DETALLISTA,-16.4954679,-68.1536991,SUPERVISOR 3,REPONEDOR 23,20,1,1,1,1,1,1,6,24
450,GV437,33997,GV437,TEJAR,MAYORISTA,-16.4952919,-68.1529751,SUPERVISOR 3,REPONEDOR 23,15,1,1,1,1,1,1,6,24
451,GV438,122663,GV438,TEJAR,MINORISTA,-16.4947725,-68.1542115,SUPERVISOR 3,REPONEDOR 23,20,1,1,1,1,1,1,6,24
452,GV439,108944,GV439,TEJAR,MINORISTA,-16.4954668,-68.1536991,SUPERVISOR 3,REPONEDOR 23,30,1,1,1,1,1,1,6,24
453,GV440,116469,GV440,TEJAR,MINORISTA,-16.4948899,-68.1535938,SUPERVISOR 3,REPONEDOR 23,10,1,0,0,0,0,0,1,4
454,GV441,55890,GV441,TEJAR,MINORISTA,-16.4942369,-68.1545843,SUPERVISOR 3,REPONEDOR 23,10,1,0,0,0,0,0,1,4
455,GV442,10369,GV442,TEJAR,DETALLISTA,-16.4947156,-68.1544008,SUPERVISOR 3,REPONEDOR 23,20,1,1,1,1,1,1,6,24
456,GV443,63261,GV443,TEJAR,MINORISTA,-16.4955305,-68.1533582,SUPERVISOR 3,REPONEDOR 23,20,0,1,0,1,0,0,2,8
457,GV444,74843,GV444,TEJAR,MINORISTA,-16.4953735,-68.1530551,SUPERVISOR 3,REPONEDOR 23,25,0,0,0,1,0,0,1,4
458,GV445,43159,GV445,TEJAR,MINORISTA,-16.494884,-68.15396,SUPERVISOR 3,REPONEDOR 23,15,0,0,0,1,0,0,1,4
459,GV446,53884,GV446,TEJAR,MAYORISTA,-16.494818,-68.1541501,SUPERVISOR 3,REPONEDOR 23,20,1,0,0,1,0,0,2,8
460,GV447,55066,GV447,TEJAR,MINORISTA,-16.4949108,-68.1538816,SUPERVISOR 3,REPONEDOR 23,30,0,0,1,0,1,0,2,8
461,GV448,58853,GV448,TEJAR,MINORISTA,-16.4955031,-68.1526295,SUPERVISOR 3,REPONEDOR 23,20,0,0,0,0,1,0,1,4
462,GV449,88056,GV449,TEJAR,MINORISTA,-16.495285,-68.1529796,SUPERVISOR 3,REPONEDOR 23,15,1,1,1,1,1,1,6,24
463,GV450,16308,GV450,TEJAR,MAYORISTA,-16.4950445,-68.1546865,SUPERVISOR 3,REPONEDOR 15,30,1,1,1,1,1,1,6,24
464,GV451,56391,GV451,TEJAR,MINORISTA,-16.4950146,-68.1547274,SUPERVISOR 3,REPONEDOR 15,20,1,1,1,1,1,1,6,24
465,GV452,118662,GV452,TEJAR,MAYORISTA,-16.4950212,-68.15469,SUPERVISOR 3,REPONEDOR 15,60,1,1,1,1,1,1,6,24
466,GV453,92822,GV453,TEJAR,MAYORISTA,-16.4951209,-68.1545142,SUPERVISOR 3,REPONEDOR 15,30,1,1,1,1,1,1,6,24
467,GV454,46847,GV454,TEJAR,MINORISTA,-16.4954609,-68.1533349,SUPERVISOR 3,REPONEDOR 15,25,1,1,1,1,1,1,6,24
468,GV455,82440,GV455,TEJAR,MINORISTA,-16.494833,-68.153592,SUPERVISOR 3,REPONEDOR 15,18,1,1,1,1,1,1,6,24
469,GV456,119924,GV456,TEJAR,MINORISTA,-16.494951,-68.15391,SUPERVISOR 3,REPONEDOR 15,15,1,1,1,1,1,1,6,24
470,GV457,128960,GV457,TEJAR,MAYORISTA,-16.4948635,-68.1540547,SUPERVISOR 3,REPONEDOR 15,20,1,1,1,1,1,1,6,24
471,GV458,113119,GV458,TEJAR,MINORISTA,-16.495044,-68.15481,SUPERVISOR 3,REPONEDOR 15,30,1,1,1,1,1,1,6,24
472,GV459,36862,GV459,TEJAR,MINORISTA,-16.495093,-68.15467,SUPERVISOR 3,REPONEDOR 15,20,1,1,1,1,1,1,6,24
473,GV460,77932,GV460,TEJAR,MINORISTA,-16.4949667,-68.1539983,SUPERVISOR 3,REPONEDOR 15,15,1,1,1,1,1,1,6,24
474,GV461,119447,GV461,TEJAR,MINORISTA,-16.49492642,-68.15376011,SUPERVISOR 3,REPONEDOR 15,25,1,1,1,1,1,1,6,24
475,GV462,110269,GV462,TEJAR,MAYORISTA,-16.494944,-68.153684,SUPERVISOR 3,REPONEDOR 15,15,1,1,1,1,1,1,6,24
476,GV463,103492,GV463,TEJAR,MINORISTA,-16.4945897,-68.1534599,SUPERVISOR 3,REPONEDOR 15,20,1,1,1,1,1,1,6,24
477,GV464,42763,GV464,TEJAR,MAYORISTA,-16.495532,-68.1527859,SUPERVISOR 3,REPONEDOR 15,20,1,0,1,0,1,0,3,12
478,GV465,15444,GV465,TEJAR,MAYORISTA,-16.4952672,-68.1542959,SUPERVISOR 3,REPONEDOR 15,30,1,0,1,0,1,0,3,12
479,GV466,126491,GV466,TEJAR,MINORISTA,-16.4888745,-68.1614353,SUPERVISOR 3,REPONEDOR 15,20,1,0,1,0,1,0,3,12
480,GV467,88286,GV467,TEJAR,MINORISTA,-16.4944451,-68.1546111,SUPERVISOR 3,REPONEDOR 15,30,1,0,1,0,1,0,3,12
481,GV468,119120,GV468,TEJAR,MINORISTA,-16.495171,-68.154433,SUPERVISOR 3,REPONEDOR 15,20,1,0,1,0,1,0,3,12
482,GV469,73266,GV469,TEJAR,MINORISTA,-16.495171,-68.154433,SUPERVISOR 3,REPONEDOR 15,25,1,0,1,0,1,0,3,12
483,GV470,72586,GV470,TEJAR,MAYORISTA,-16.4954548,-68.1524706,SUPERVISOR 3,REPONEDOR 15,15,1,0,1,0,1,0,3,12
484,GV471,129042,GV471,TEJAR,MINORISTA,-16.495225,-68.153659,SUPERVISOR 3,REPONEDOR 15,15,0,1,0,1,0,1,3,12
485,GV472,42894,GV472,TEJAR,MAYORISTA,-16.49507,-68.153724,SUPERVISOR 3,REPONEDOR 15,20,1,0,1,0,1,0,3,12
486,GV473,42863,GV473,TEJAR,MAYORISTA,-16.495315,-68.153827,SUPERVISOR 3,REPONEDOR 15,15,1,0,1,0,1,0,3,12
487,GV474,42895,GV474,TEJAR,MINORISTA,-16.495157,-68.153688,SUPERVISOR 3,REPONEDOR 15,25,1,1,1,1,1,1,6,24
